run_id,polymer_id,polymer_label,n_points,y0_REA_percent,t50_definition,t50_target_rea_percent,t50_linear_min,t50_exp_min,rea_at_20_percent,fit_model,fit_k_per_min,fit_tau_min,fit_plateau,fit_r2,rea_connector
260211-3,PMPC,PMPC,7,100.0,rea50,50.0,14.93269230769231,13.056371685933769,22.15202315831897,exp,0.05308880577493858,18.836362683299726,,0.9400337947339218,exp
260211-3,PMTAC,PMTAC,7,100.0,rea50,50.0,3.797996661101837,,27.33031674208146,,,,,,polyline
260211-3,PMBTA-6,PMBTA-6,7,100.0,rea50,50.0,13.636403897254207,12.110988377524793,19.86070845413044,exp,0.05723291600595266,17.472462872518893,,0.9485657399096625,exp
260211-3,PMBTA-7,PMBTA-7,7,100.0,rea50,50.0,13.806169429097604,11.859744821678028,17.063082674743274,exp,0.05844537053554179,17.109995040443454,,0.9449953849274011,exp
260211-3,PMBTA-8,PMBTA-8,7,100.0,rea50,50.0,15.138000022106526,14.282165596676471,21.264600590556327,exp,0.048532358476591535,20.604809479480107,,0.8827293921508489,exp
260211-3,PMBTA-9,PMBTA-9,7,100.0,rea50,50.0,15.855958586736168,15.19391232836635,31.100691750177468,exp,0.04562005924345573,21.920181967835816,,0.9214848320697967,exp
260211-3,PMBTA-10,PMBTA-10,7,100.0,rea50,50.0,13.921929329459068,16.795254576782522,46.06018425711291,exp,0.041270418223855944,24.23043048839181,,0.9114893937798805,exp
260211-3,PMBTA-11,PMBTA-11,7,100.0,rea50,50.0,16.490583750161235,15.009073312628932,24.66568376399991,exp,0.04618187719668992,21.653515636468647,,0.9114289879628588,exp
