run_id,plate_id,row,well_n,well_n1,cur_slope_n,cur_slope_n1,cur_inversion,new_slope_n,new_slope_n1,new_inversion,n_changed,n_reason
260205-R1,plate1,F,F1,F2,6.653333333333332,5.986666666666666,False,6.653333333333332,7.866666666666665,True,False,keep
260205-R3,plate1,G,G6,G7,0.2799999999999999,0.1533333333333333,False,0.1218367766471374,0.1533333333333333,True,True,overestimate_to_long
