run_id,plate_id,row,well_n,well_n1,cur_slope_n,cur_slope_n1,cur_inversion,new_slope_n,new_slope_n1,new_inversion,n_changed,n_reason
260205-R1,plate1,D,D1,D2,6.119999999999998,7.586666666666666,True,6.119999999999998,7.586666666666666,True,False,keep
260205-R1,plate1,E,E2,E3,6.499999999999998,6.633333333333332,True,6.499999999999998,6.633333333333332,True,False,keep
260205-R1,plate1,F,F3,F4,6.393333333333333,6.5666666666666655,True,6.393333333333333,6.5666666666666655,True,False,keep
260205-R2,plate1,B,B1,B2,4.062857142857141,6.106666666666665,True,5.96,6.106666666666665,True,True,underestimate_to_tangent
260205-R2,plate1,H,H1,H2,2.6266666666666665,4.473333333333333,True,3.48,4.473333333333333,True,True,underestimate_to_tangent
260205-R2,plate2,B,B6,B7,0.2369696969696969,0.2666666666666664,True,0.2369696969696969,0.2666666666666664,True,False,keep
260205-R3,plate1,C,C1,C2,4.946666666666665,5.346666666666667,True,4.946666666666665,5.346666666666667,True,False,keep
260205-R3,plate1,E,E1,E2,4.666666666666666,5.453333333333334,True,5.999999999999999,6.399999999999998,True,True,underestimate_to_tangent
