run_id,polymer_id,t50_min,t50_censored,t50_definition,t50_target_rea_percent,rea_at_20_percent,use_for_bo,rank_t50
260211-plate7,PMBTA-11,15.102971932990224,0,rea50,50.0,39.2265350939737,True,1
260211-plate7,PMBTA-5,12.887016751452675,0,rea50,50.0,25.366811324653867,True,2
