run_id,polymer_id,t50_min,t50_censored,t50_definition,t50_target_rea_percent,rea_at_20_percent,use_for_bo,rank_t50
260211-3,PMBTA-10,16.795254576782522,0,rea50,50.0,46.06018425711291,True,1
260211-3,PMBTA-9,15.19391232836635,0,rea50,50.0,31.100691750177468,True,2
260211-3,PMBTA-11,15.009073312628932,0,rea50,50.0,24.66568376399991,True,3
260211-3,PMBTA-8,14.282165596676473,0,rea50,50.0,21.264600590556327,True,4
260211-3,PMPC,13.056371685933769,0,rea50,50.0,22.15202315831897,True,5
260211-3,PMBTA-6,12.110988377524793,0,rea50,50.0,19.86070845413044,True,6
260211-3,PMBTA-7,11.859744821678028,0,rea50,50.0,17.063082674743274,True,7
260211-3,PMTAC,3.797996661101837,0,rea50,50.0,27.33031674208146,True,8
